{"cameraMode":{"drawMode":0,"name":"Shaded","section":"Shading Mode"},"sceneLighting":true,"audioPlay":false,"sceneViewState":{"m_AlwaysRefresh":false,"showFog":true,"showSkybox":true,"showFlares":true,"showImageEffects":true,"showParticleSystems":true,"showVisualEffectGraphs":true,"m_FxEnabled":true},"in2DMode":false,"pivot":{"x":0.14150945842266084,"y":1.4058343172073365,"z":-2.775583505630493},"rotation":{"x":-0.06608569622039795,"y":-0.07267864048480988,"z":0.004815963096916676,"w":-0.9951327443122864},"size":0.3009508550167084,"orthographic":false}